rouge1,rouge2,rougeL,rougeLsum
0.023480614174340338,0.0,0.023433591714746994,0.023481052490486452
